{
  "created_at": "2026-04-22T14:34:27",
  "model_path": "outputs/legal-ner-lawsguard-v1-gpu",
  "num_samples": 2000,
  "data_dirs": [
    "data/hallucination_data",
    "data/real_bio_data"
  ],
  "labels": {
    "LAW": {
      "precision": 0.05257363910408758,
      "recall": 0.20435095577061504,
      "f1": 0.08363133474628281,
      "tp": 5110,
      "fp": 92087,
      "fn": 19896,
      "support": 25006
    },
    "PENALTY": {
      "precision": 0.20782122905027933,
      "recall": 0.3034257748776509,
      "f1": 0.246684350132626,
      "tp": 186,
      "fp": 709,
      "fn": 427,
      "support": 613
    },
    "AMOUNT": {
      "precision": 0.05352591333899745,
      "recall": 0.09574468085106383,
      "f1": 0.06866485013623978,
      "tp": 63,
      "fp": 1114,
      "fn": 595,
      "support": 658
    },
    "DATE": {
      "precision": 0.03403701292662513,
      "recall": 0.09177532597793381,
      "f1": 0.049657418085611554,
      "tp": 366,
      "fp": 10387,
      "fn": 3622,
      "support": 3988
    },
    "ORG": {
      "precision": 0.010318038358824957,
      "recall": 0.037215411558669004,
      "f1": 0.01615662421592853,
      "tp": 85,
      "fp": 8153,
      "fn": 2199,
      "support": 2284
    },
    "CRIME": {
      "precision": 0.025974025974025976,
      "recall": 0.01628052598622417,
      "f1": 0.020015396458814474,
      "tp": 26,
      "fp": 975,
      "fn": 1571,
      "support": 1597
    },
    "micro": {
      "precision": 0.04893468946260722,
      "recall": 0.1709131377028056,
      "f1": 0.07608518516104218,
      "tp": 5836,
      "fp": 113425,
      "fn": 28310,
      "support": 34146
    }
  }
}